,Name,Price,Rating,Review,URL
0,American Tourister Casual Backpack,"1,099",4.1,"42,675",https://www.amazon.com/gp/bestsellers/luggage/ref=sr_bs_2_luggage_1
1,IRMAO 2022 New Flower Embroidered Artistic National Style Oxford Large Capacity Women's Bag Generation Backpack (N),499,Null,Null,https://www.amazon.com/IRMAO-Embroidered-Artistic-National-Generation/dp/B0B7DKKLXD/ref=sr_1_omk_4?crid=2M096C61O4MLT&keywords=bags&qid=1658673180&sprefix=ba%2Caps%2C283&sr=8-4
2,Half Moon 35 L Casual Waterproof Laptop Bag/Backpack for Men Women Boys Girls/Office School College Teens & Students with Rain Cover (18 Inch) (Navy),645,3.9,"11,193",https://www.amazon.com/Half-Moon-Waterproof-Backpack-Students/dp/B085MHDJ93/ref=sr_1_5?crid=2M096C61O4MLT&keywords=bags&qid=1658673180&smid=A1UVZJ9N7FK5G6&sprefix=ba%2Caps%2C283&sr=8-5
3,"TRUE HUMAN Emperor Anti-Theft backpack With USB charging Port and anti -theft back pocket Laptop bag , office bag , college bag ( LEGEND )",699,3.9,483,https://www.amazon.com/TRUE-HUMAN-Anti-Theft-backpack-charging/dp/B09QJ7ZF2Y/ref=sr_1_6?crid=2M096C61O4MLT&keywords=bags&qid=1658673180&sprefix=ba%2Caps%2C283&sr=8-6
4,Northzone Lightweight School Bags Backpacks for Boys Girls Stylish Men and Women Casual Travel Laptop Bag College Office (Navy Blue) 40L,599,4.1,"3,137",https://www.amazon.com/Northzone-Polyester-School-Backpack-Compartment/dp/B08678P2T7/ref=ice_ac_b_dpb?crid=2M096C61O4MLT&keywords=bags&qid=1658673180&sprefix=ba%2Caps%2C283&sr=8-7
5,Wesley Milestone 2.0 15.6 inch 30 L Casual Waterproof Laptop Backpack/Office Bag/School Bag/College Bag/Business Bag/Unisex Travel Backpack (Blue and Black),548,4.3,"6,600",https://www.amazon.com/Wesley-Milestone-Waterproof-Backpack-Business/dp/B084JGJ8PF/ref=sr_1_8?crid=2M096C61O4MLT&keywords=bags&qid=1658673180&smid=A14CZOWI0VEHLG&sprefix=ba%2Caps%2C283&sr=8-8
6,DIVING DEEP Women Backpack Latest School Bag for Girls (Black),391,3.3,"1,062",https://www.amazon.com/DIVING-DEEP-Backpack-Polyester-Bag/dp/B08F7YYZTJ/ref=sr_1_9?crid=2M096C61O4MLT&keywords=bags&qid=1658673180&smid=A7G7LRDIK7CR7&sprefix=ba%2Caps%2C283&sr=8-9
7,TRUE HUMAN Anti-Theft and USB Charging Port Backpack with Combination Lock Laptop Bag (Grey),695,3.8,870,https://www.amazon.com/TRUE-HUMAN-Anti-Theft-charging-combination/dp/B09H7PK5ML/ref=sr_1_10?crid=2M096C61O4MLT&keywords=bags&qid=1658673180&sprefix=ba%2Caps%2C283&sr=8-10
8,"POLESTAR Vintage 32 L College/ School/ Office/ Casual/ Travel Backpack with 15.6"" laptop compartment, suitable for both men & women,1 year warranty",567,4.0,"6,181",https://www.amazon.com/POLESTAR-Vintage-Laptop-Backpack-bagpack/dp/B081GSQ9D9/ref=sr_1_13?crid=2M096C61O4MLT&keywords=bags&qid=1658673180&smid=A3HBYWQBT33AGW&sprefix=ba%2Caps%2C283&sr=8-13
9,Wesley Milestone 15.6 inch 25 L Casual Waterproof Laptop Backpack/Office Bag/School Bag/College Bag/Business Bag/Unisex Travel Backpack,448,4.3,"10,603",https://www.amazon.com/Wesley-Milestone-Waterproof-Backpack-Business/dp/B07K8KLB3P/ref=sr_1_14?crid=2M096C61O4MLT&keywords=bags&qid=1658673180&smid=A14CZOWI0VEHLG&sprefix=ba%2Caps%2C283&sr=8-14
10,Wooum 15.6 inch Laptop Bag Backpack Fashion Rucksack Casual Student School Bag Computer Bag College Bag Office Bag Business Bag Unisex Travel Backpack,468,4.0,"1,455",https://www.amazon.com/Backpack-Fashion-Computer-Business-Black-BlueZip/dp/B08R7J19R8/ref=sr_1_15?crid=2M096C61O4MLT&keywords=bags&qid=1658673180&sprefix=ba%2Caps%2C283&sr=8-15
11,Lenovo Casual Laptop Backpack B210 15.6-inch(39.6cm) Water Repellent Black,749,4.2,"43,222",https://www.amazon.com/Lenovo-Laptop-Backpack-15-6-Inch-GX40Q17225/dp/B075Y72PHZ/ref=sr_1_16?crid=2M096C61O4MLT&keywords=bags&qid=1658673180&smid=A14CZOWI0VEHLG&sprefix=ba%2Caps%2C283&sr=8-16
12,ADISA Laptop Backpack 31 Ltrs,499,4.0,"7,711",https://www.amazon.com/ADISA-BP004-Weight-Casual-Backpack/dp/B07G3CG9FC/ref=sr_1_17?crid=2M096C61O4MLT&keywords=bags&qid=1658673180&sprefix=ba%2Caps%2C283&sr=8-17
13,DEIN KLEIDER Men's Nylon Messenger Bag,271,3.9,"2,917",https://www.amazon.com/gp/bestsellers/luggage/2917442031/ref=sr_bs_17_2917442031_1
14,"Fur Jaden 55 LTR Rucksack Travel Backpack Bag for Trekking, Hiking with Shoe Compartment",799,4.2,"5,639",https://www.amazon.com/Rucksack-Travel-Backpack-Trekking-Compartment/dp/B07YDGQQN5/ref=sr_1_19?crid=2M096C61O4MLT&keywords=bags&qid=1658673180&smid=AXOGFIT0PZZ7G&sprefix=ba%2Caps%2C283&sr=8-19
15,"Wesley Milestone Casual Waterproof Laptop Backpack/Office Bag/School Bag/College Bag/Business Bag/Unisex Travel Backpack (Compatible with 15.6 inch Laptop) 30 L, Charcoal Black",548,4.3,"6,600",https://www.amazon.com/Wesley-Milestone-Waterproof-Backpack-Business/dp/B085S444JV/ref=sr_1_20?crid=2M096C61O4MLT&keywords=bags&qid=1658673180&smid=A14CZOWI0VEHLG&sprefix=ba%2Caps%2C283&sr=8-20
16,"Wesley Milestone Casual Waterproof Laptop Backpack/Office Bag/School Bag/College Bag/Business Bag/Unisex Travel Backpack (Compatible with 15.6 inch Laptop) 30 L, Charcoal Black",548,4.3,"6,600",https://www.amazon.com/Wesley-Milestone-Waterproof-Backpack-Business/dp/B085S444JV/ref=sr_1_19?crid=2M096C61O4MLT&keywords=bags&qid=1658673181&smid=A14CZOWI0VEHLG&sprefix=ba%2Caps%2C283&sr=8-19
17,Bagneeds Men's Black Synthetic Leather Briefcase Best Laptop Messenger Bag Satchel for Men,699,4.1,"2,238",https://www.amazon.com/Bagneeds-Synthetic-Leather-Briefcase-Messenger/dp/B0855F8174/ref=sr_1_20?crid=2M096C61O4MLT&keywords=bags&qid=1658673181&sprefix=ba%2Caps%2C283&sr=8-20
18,Baggit Women's Sling Bag,499,3.6,104,https://www.amazon.com/Baggit-Womens-Sling-Atlantic-Blue/dp/B09F3R31R2/ref=sr_1_21?crid=2M096C61O4MLT&keywords=bags&qid=1658673181&smid=A1WYWER0W24N8S&sprefix=ba%2Caps%2C283&sr=8-21
19,ZIPLINE Unisex Casual Polyester 36 L Backpack School Bag Women Men Boys Girls Children Daypack College Bag Book School Sports Bag Weekend Bag,726,4.1,"2,749",https://www.amazon.com/ZIPLINE-Polyester-Backpack-Children-Daypack/dp/B07XVMR33Q/ref=sr_1_22?crid=2M096C61O4MLT&keywords=bags&qid=1658673181&smid=AE2F1YGE1DB7K&sprefix=ba%2Caps%2C283&sr=8-22
20,Fur Jaden Anti Theft Backpack 15.6 Inch Laptop Bag with USB Charging Port and Water Resistant Fabric,799,4.0,"8,904",https://www.amazon.com/Fur-Jaden-Black-Waterproof-Backpack/dp/B078GLXMDY/ref=sr_1_23?crid=2M096C61O4MLT&keywords=bags&qid=1658673181&smid=AXOGFIT0PZZ7G&sprefix=ba%2Caps%2C283&sr=8-23
21,"Fur Jaden 15.6 Inch Laptop Backpack 25 LTR Bag for School, College and Office with USB Charging Port",449,3.9,"8,654",https://www.amazon.com/Casual-Backpack-Charging-Laptop-Compartment/dp/B07J46KLFP/ref=sr_1_24?crid=2M096C61O4MLT&keywords=bags&qid=1658673181&smid=AXOGFIT0PZZ7G&sprefix=ba%2Caps%2C283&sr=8-24
22,"TRUE HUMAN Emperor ( ZYDEN ) Anti-Theft backpack with combination lock Laptop bag , office bag , college bag",675,3.8,240,https://www.amazon.com/TRUE-HUMAN-Anti-Theft-backpack-combination/dp/B09VCHV6T5/ref=sr_1_25?crid=2M096C61O4MLT&keywords=bags&qid=1658673181&sprefix=ba%2Caps%2C283&sr=8-25
23,Half Moon Large 37L Laptop Bag Backpack for menं Women Boys and Girls Luggage Travel Bags with 17.3 inches Laptop Compartment & Rain Cover,999,3.9,511,https://www.amazon.com/Half-Moon-Backpack-Luggage-Compartment/dp/B09VCLZ3K4/ref=sr_1_26?crid=2M096C61O4MLT&keywords=bags&qid=1658673181&sprefix=ba%2Caps%2C283&sr=8-26
24,American Tourister Casual Backpack,999,4.1,"10,843",https://www.amazon.com/American-Tourister-AMT-SCH-BAG01/dp/B07CJCFNZG/ref=sr_1_29?crid=2M096C61O4MLT&keywords=bags&qid=1658673181&smid=AXOGFIT0PZZ7G&sprefix=ba%2Caps%2C283&sr=8-29
25,"Safari Seek 32 Ltrs Overnighter Travel Laptop Backpack (Black), Water Resistant Spacious Bag pack for Travelling and Camping, All-Purpose Bag for Business & Leisure","1,799",Null,Null,https://www.amazon.com/Safari-Overnighter-Resistant-Travelling-All-Purpose/dp/B097JMR4M6/ref=sr_1_30?crid=2M096C61O4MLT&keywords=bags&qid=1658673181&smid=AXOGFIT0PZZ7G&sprefix=ba%2Caps%2C283&sr=8-30
26,Artistix Talon Anti-Theft Design Laptop Backpack Bag in Water Resistance With USB Charging Port (46 Cm) (Black),939,4.3,"1,616",https://www.amazon.com/Artistix-Backpack-Anti-Theft-Charging-Resistance/dp/B082PKX18C/ref=sr_1_31?crid=2M096C61O4MLT&keywords=bags&qid=1658673181&smid=A1VUWH3EQIJX98&sprefix=ba%2Caps%2C283&sr=8-31
27,"POLESTAR Noble 32 L College/ School/ Office/ Casual/ Travel Backpack with 15.6"" laptop compartment, made with polyester, 1 year warranty",585,4.0,"15,700",https://www.amazon.com/POLESTAR-Casual-bagpack-School-Backpack/dp/B07PQQ8M7B/ref=sr_1_32?crid=2M096C61O4MLT&keywords=bags&qid=1658673181&smid=A3HBYWQBT33AGW&sprefix=ba%2Caps%2C283&sr=8-32
28,"Genie Daffodil Backpack for Women - 2 compartments, School Bags for Girls, Stylish and Trendy College Backpacks for Girls, Water Resistant and Lightweight Bags for Office and Travelling Purpose.",459,4.7,5,https://www.amazon.com/Genie-Daffodil-Backpack-Women-compartments/dp/B097JJS47M/ref=sr_1_33?crid=2M096C61O4MLT&keywords=bags&qid=1658673181&sprefix=ba%2Caps%2C283&sr=8-33
29,"Polestar Space 34 Liters Casual/ Office/ Travel/ School Backpack Bag, made of Polyester, 1 year warranty",549,4.0,"4,872",https://www.amazon.com/POLESTAR-Navyorg-Casual-bagpack-Backpack/dp/B0844R2GMK/ref=sr_1_34?crid=2M096C61O4MLT&keywords=bags&qid=1658673181&smid=A3HBYWQBT33AGW&sprefix=ba%2Caps%2C283&sr=8-34
30,Northzone Unisex 15.6 inch 25 L Casual Waterproof Laptop/Travel/Office/School/College/Business Bag/Backpack (Navy blue),569,4.1,186,https://www.amazon.com/Northzone-Waterproof-College-Business-Backpack/dp/B08FG7L1ZP/ref=sr_1_35?crid=2M096C61O4MLT&keywords=bags&qid=1658673181&sprefix=ba%2Caps%2C283&sr=8-35
31,Sketchfab 35 L Casual Waterproof Laptop Bag Grey Laptop/College/School/Office Travel Backpack Unisex Women Men Boys Girls Children Daypack Book Sports Weekend Lightweight Bags for Stylish and Office - Grey,549,3.6,45,https://www.amazon.com/Sketchfab-Waterproof-Backpack-Children-Lightweight/dp/B09X33JVQ7/ref=sr_1_36?crid=2M096C61O4MLT&keywords=bags&qid=1658673181&sprefix=ba%2Caps%2C283&sr=8-36
32,"Polestar Space 34 Liters Casual/ Office/ Travel/ School Backpack Bag, made of Polyester, 1 year warranty",549,4.0,"4,872",https://www.amazon.com/POLESTAR-Navyorg-Casual-bagpack-Backpack/dp/B0844R2GMK/ref=sr_1_35?crid=2M096C61O4MLT&keywords=bags&qid=1658673183&smid=A3HBYWQBT33AGW&sprefix=ba%2Caps%2C283&sr=8-35
33,Fristo Women's Handbag (FRB-315_Red),489,4.0,"5,021",https://www.amazon.com/Fristo-FRB-315-Red-Women-Handbag/dp/B07MNRTDK5/ref=sr_1_36?crid=2M096C61O4MLT&keywords=bags&qid=1658673183&sprefix=ba%2Caps%2C283&sr=8-36
34,Storite Stylish Padded Small Nylon Sling Cross Body Travel Office Business Messenger Bag for Men Women (25x16x7.5cm) (Dark Grey),399,4.1,"6,867",https://www.amazon.com/Storite-Cross-Travel-Dark-Grey/dp/B07PFF4RYC/ref=sr_1_37?crid=2M096C61O4MLT&keywords=bags&qid=1658673183&smid=A3FPNGXJ2Z95CC&sprefix=ba%2Caps%2C283&sr=8-37
35,Sketchfab 35 L Casual Waterproof Laptop Bag Grey Laptop/College/School/Office Travel Backpack Unisex Women Men Boys Girls Children Daypack Book Sports Weekend Lightweight Bags for Stylish and Office - Grey,549,3.6,45,https://www.amazon.com/Sketchfab-Waterproof-Backpack-Children-Lightweight/dp/B09X33JVQ7/ref=sr_1_38?crid=2M096C61O4MLT&keywords=bags&qid=1658673183&sprefix=ba%2Caps%2C283&sr=8-38
36,Afn Fashion 45 Ltrs Casual backpack/ office/ School Bag/Laptop Backpack for (15.6 inch) Blue,799,4.0,"1,273",https://www.amazon.com/AFN-FASHION-Casual-bagpack-Backpack/dp/B081X69ZL7/ref=sr_1_39?crid=2M096C61O4MLT&keywords=bags&qid=1658673183&sprefix=ba%2Caps%2C283&sr=8-39
37,"DIGITEK® (DCB 001) Waterproof Camera Bag, Lightweight DSLR Backpack, Lens Accessories Carry Case for All DSLR Cameras-Made in India",899,3.8,845,https://www.amazon.com/gp/bestsellers/electronics/4175441031/ref=sr_bs_7_4175441031_1
38,SAFARI 15 Ltrs Cherry Red Casual/School/College Backpack (DAYPACKNEO15CBCRE),275,4.1,"4,273",https://www.amazon.com/SAFARI-Cherry-Casual-Backpack-DAYPACKNEO15CBCRE/dp/B07NSBSV2Y/ref=sr_1_41?crid=2M096C61O4MLT&keywords=bags&qid=1658673183&smid=AXOGFIT0PZZ7G&sprefix=ba%2Caps%2C283&sr=8-41
39,GOCART WITH G LOGO Laptop Backpack Casual Daypacks Briefcase Convertible Business Travel Rucksack with USB Charging Port Large College School Bookbag Computer Laptop Bag,"1,299",4.1,840,https://www.amazon.com/GOCART-LOGO-Backpack-Briefcase-Convertible/dp/B0822H451W/ref=sr_1_42?crid=2M096C61O4MLT&keywords=bags&qid=1658673183&sprefix=ba%2Caps%2C283&sr=8-42
40,Genie Flamenco2 Casual Backpacks for Women,649,4.5,755,https://www.amazon.com/Genie-Flamenco2-Backpack-Compatible-Resistant/dp/B08YF9VHTY/ref=sr_1_45?crid=2M096C61O4MLT&keywords=bags&qid=1658673183&smid=AXOGFIT0PZZ7G&sprefix=ba%2Caps%2C283&sr=8-45
41,70L Travel Backpack Hiking Bag Adventure Camping Trekking Bag Rucksack -70L,999,4.0,967,https://www.amazon.com/Backpack-Adventure-Camping-Trekking-Rucksack/dp/B091SNKKB4/ref=sr_1_46?crid=2M096C61O4MLT&keywords=bags&qid=1658673183&sprefix=ba%2Caps%2C283&sr=8-46
42,Lavie Women's Nova Tote Bag | Ladies Purse Handbag,749,4.2,272,https://www.amazon.com/Lavie-Extra-Large-Malnov-Womens/dp/B097MVY21T/ref=sr_1_47?crid=2M096C61O4MLT&keywords=bags&qid=1658673183&smid=A1WYWER0W24N8S&sprefix=ba%2Caps%2C283&sr=8-47
43,Northzone Lightweight School Bags Backpacks for Boys Girls Stylish Men and Women Casual Travel Laptop Bag College Office (Green),499,3.2,19,https://www.amazon.com/Northzone-Lightweight-Backpacks-Stylish-College/dp/B08SKGRXXJ/ref=sr_1_48?crid=2M096C61O4MLT&keywords=bags&qid=1658673183&sprefix=ba%2Caps%2C283&sr=8-48
44,"Bennett Mystic 15.6 inch(39.6cm) Laptop Shoulder Messenger Sling Office Bag, Water Repellent Fabric for Men and Women (Blue)",499,4.1,"2,526",https://www.amazon.com/Bennett-Mystic-Shoulder-Messenger-Repellent/dp/B08X2T2M8G/ref=sr_1_49?crid=2M096C61O4MLT&keywords=bags&qid=1658673183&smid=A14CZOWI0VEHLG&sprefix=ba%2Caps%2C283&sr=8-49
45,HEROZ Hammer Unisex Nylon 45 L Travel Laptop Backpack Water Resistant Slim Durable Fits Up to 17.3 Inch Laptop Notebook (All) (Grey & Black),"1,399",4.3,"6,662",https://www.amazon.com/HEROZ-Hammer-Durable-Travel-Laptop/dp/B07MGDFT9C/ref=sr_1_50?crid=2M096C61O4MLT&keywords=bags&qid=1658673183&sprefix=ba%2Caps%2C283&sr=8-50
46,Lavie Women's Ushawu Satchel Bag | Ladies Purse Handbag,"1,067",4.1,"3,380",https://www.amazon.com/gp/bestsellers/shoes/1983354031/ref=sr_bs_18_1983354031_1
47,Caprese Tiffany,"1,670",4.2,77,https://www.amazon.com/Caprese-Tiffany-Womens-Medium-Powder/dp/B08ZJZBXV6/ref=sr_1_52?crid=2M096C61O4MLT&keywords=bags&qid=1658673183&sprefix=ba%2Caps%2C283&sr=8-52
48,"Genie Snowflake 36 Litres Teal & Blue School Backpack (19 inch, Water resistant)",899,4.4,463,https://www.amazon.com/Genie-Snowflake-School-Backpack-resistant/dp/B084VR37RQ/ref=sr_1_51?crid=2M096C61O4MLT&keywords=bags&qid=1658673184&smid=AXOGFIT0PZZ7G&sprefix=ba%2Caps%2C283&sr=8-51
49,Lavie Women's Malnov Tote Bag | Ladies Purse Handbag,749,4.2,"1,128",https://www.amazon.com/Lavie-Malgana-Womens-Tote-Black/dp/B07PKHC72N/ref=sr_1_52?crid=2M096C61O4MLT&keywords=bags&qid=1658673184&smid=A1WYWER0W24N8S&sprefix=ba%2Caps%2C283&sr=8-52
50,HP Evon Essential Series Black Laptop Backpack for Upto 15.6 Inch (39.6 cm) Laptop/Chromebook/Mac (Black) (2P7U6P3),999,Null,Null,https://www.amazon.com/Essential-Laptop-Backpack-Chromebook-2P7U6P3/dp/B0B6SN7DQ9/ref=sr_1_53?crid=2M096C61O4MLT&keywords=bags&qid=1658673184&sprefix=ba%2Caps%2C283&sr=8-53
51,ADISA Light Weight Laptop Backpack 32 Ltrs,509,4.0,"4,829",https://www.amazon.com/ADISA-BP005-Weight-Casual-Backpack/dp/B07F3X45WZ/ref=sr_1_54?crid=2M096C61O4MLT&keywords=bags&qid=1658673184&sprefix=ba%2Caps%2C283&sr=8-54
52,Afn Fashion 45 Ltrs Casual backpack/ office/ School Bag/Laptop Backpack for (15.6 inch) Blue,799,4.0,"1,273",https://www.amazon.com/AFN-FASHION-Casual-bagpack-Backpack/dp/B081X69ZL7/ref=sr_1_55?crid=2M096C61O4MLT&keywords=bags&qid=1658673184&sprefix=ba%2Caps%2C283&sr=8-55
53,Genie Flamenco2 Casual Backpacks for Women,649,4.5,755,https://www.amazon.com/Genie-Flamenco2-Backpack-Compatible-Resistant/dp/B08YF9VHTY/ref=sr_1_56?crid=2M096C61O4MLT&keywords=bags&qid=1658673184&smid=AXOGFIT0PZZ7G&sprefix=ba%2Caps%2C283&sr=8-56
54,"Vivinkaa Sling Bag for Women stylish Latest Branded, Sling Bag Women, Sling Bags for Women I Ethnic Printed Purse for women, Indigo",499,3.8,"1,267",https://www.amazon.com/Vivinkaa-Womens-Sling-Bag-Blue/dp/B077WSKG53/ref=sr_1_57?crid=2M096C61O4MLT&keywords=bags&qid=1658673184&sprefix=ba%2Caps%2C283&sr=8-57
55,70L Travel Backpack Hiking Bag Adventure Camping Trekking Bag Rucksack -70L,999,4.0,967,https://www.amazon.com/Backpack-Adventure-Camping-Trekking-Rucksack/dp/B091SNKKB4/ref=sr_1_58?crid=2M096C61O4MLT&keywords=bags&qid=1658673184&sprefix=ba%2Caps%2C283&sr=8-58
56,Trajectory Elegant Vegan Leather 15.6 Inch Laptop Messenger Office Bag with 10 years warranty and dual compartment with expandable bottom used as shoulder and handbag For Men and Women,"1,399",4.2,40,https://www.amazon.com/Trajectory-Elegant-15-6-Laptop-Office/dp/B09RK6NCGC/ref=sr_1_61?crid=2M096C61O4MLT&keywords=bags&qid=1658673184&sprefix=ba%2Caps%2C283&sr=8-61
57,"Fur Jaden Anti Theft Number Lock Backpack Bag with 15.6 Inch Laptop Compartment, USB Charging Port & Organizer Pocket for Men Women Boys Girls",749,4.1,653,https://www.amazon.com/Number-Backpack-Compartment-Charging-Organizer/dp/B09VTCNN75/ref=sr_1_62?crid=2M096C61O4MLT&keywords=bags&qid=1658673184&sprefix=ba%2Caps%2C283&sr=8-62
58,Northzone Lightweight School Bags Backpacks for Boys Girls Stylish Men and Women Casual Travel Laptop Bag College Office (Green),499,3.2,19,https://www.amazon.com/Northzone-Lightweight-Backpacks-Stylish-College/dp/B08SKGRXXJ/ref=sr_1_63?crid=2M096C61O4MLT&keywords=bags&qid=1658673184&sprefix=ba%2Caps%2C283&sr=8-63
59,Fristo Women's Handbag (FRB-315_Red),489,4.0,"5,021",https://www.amazon.com/Fristo-FRB-315-Red-Women-Handbag/dp/B07MNRTDK5/ref=sr_1_64?crid=2M096C61O4MLT&keywords=bags&qid=1658673184&sprefix=ba%2Caps%2C283&sr=8-64
60,"Bennett Mystic 15.6 inch(39.6cm) Laptop Shoulder Messenger Sling Office Bag, Water Repellent Fabric for Men and Women (Blue)",499,4.1,"2,526",https://www.amazon.com/Bennett-Mystic-Shoulder-Messenger-Repellent/dp/B08X2T2M8G/ref=sr_1_65?crid=2M096C61O4MLT&keywords=bags&qid=1658673184&smid=A14CZOWI0VEHLG&sprefix=ba%2Caps%2C283&sr=8-65
61,Storite Stylish Padded Small Nylon Sling Cross Body Travel Office Business Messenger Bag for Men Women (25x16x7.5cm) (Dark Grey),399,4.1,"6,867",https://www.amazon.com/Storite-Cross-Travel-Dark-Grey/dp/B07PFF4RYC/ref=sr_1_66?crid=2M096C61O4MLT&keywords=bags&qid=1658673184&smid=A3FPNGXJ2Z95CC&sprefix=ba%2Caps%2C283&sr=8-66
62,Wesley Spartan Unisex Travel Hiking Laptop Bag fits Upto 17.3 inch with Raincover and Internal Organiser Backpack Rucksack College Bag,"1,171",4.2,477,https://www.amazon.com/Wesley-Spartan-Hiking-Raincover-Organiser/dp/B098QFF5TJ/ref=sr_1_67?crid=2M096C61O4MLT&keywords=bags&qid=1658673184&sprefix=ba%2Caps%2C283&sr=8-67
63,ADISA Women's Girls Party Sling Bag Crossbody,370,4.4,24,https://www.amazon.com/ADISA-Womens-Girls-Crossbody-SL5099-BLA_Black/dp/B0B1XPC885/ref=sr_1_68?crid=2M096C61O4MLT&keywords=bags&qid=1658673184&sprefix=ba%2Caps%2C283&sr=8-68
64,"Genie Iridescence 27 Litres Multicolor School Backpack (17 inch, Water resistant)",849,4.1,"1,310",https://www.amazon.com/Genie-Iridescence-Multicolor-Backpack-Resistant/dp/B084VQLJL8/ref=sr_1_67?crid=2M096C61O4MLT&keywords=bags&qid=1658673185&smid=AXOGFIT0PZZ7G&sprefix=ba%2Caps%2C283&sr=8-67
65,"Mi Step Out 12 L Mini Backpack (Small Size, Dark Blue, Water Repellant)",249,4.1,"3,213",https://www.amazon.com/Step-Backpack-Small-Water-Repellant/dp/B088XH1BP7/ref=sr_1_68?crid=2M096C61O4MLT&keywords=bags&qid=1658673185&smid=A14CZOWI0VEHLG&sprefix=ba%2Caps%2C283&sr=8-68
66,Fristo Women's Handbag (FRB-315_Red),489,4.0,"5,021",https://www.amazon.com/Fristo-FRB-315-Red-Women-Handbag/dp/B07MNRTDK5/ref=sr_1_69?crid=2M096C61O4MLT&keywords=bags&qid=1658673185&sprefix=ba%2Caps%2C283&sr=8-69
67,"Bennett Mystic 15.6 inch(39.6cm) Laptop Shoulder Messenger Sling Office Bag, Water Repellent Fabric for Men and Women (Blue)",499,4.1,"2,526",https://www.amazon.com/Bennett-Mystic-Shoulder-Messenger-Repellent/dp/B08X2T2M8G/ref=sr_1_70?crid=2M096C61O4MLT&keywords=bags&qid=1658673185&smid=A14CZOWI0VEHLG&sprefix=ba%2Caps%2C283&sr=8-70
68,Lify Women's Retro Large Size Canvas Shoulder Bag Hobo Crossbody Handbag Casual Tote - 1 Piece,267,3.8,600,https://www.amazon.com/Lify-Womens-Shoulder-Crossbody-Handbag/dp/B09JWMW646/ref=sr_1_71?crid=2M096C61O4MLT&keywords=bags&qid=1658673185&smid=A2DJLQC04ZQTUY&sprefix=ba%2Caps%2C283&sr=8-71
69,Blue Tree Kids School Bag Soft Plush Backpack Combo Cartoon Bags Mini Travel Bag for for Girls Boys Toddler Baby (Pack of 2),399,Null,Null,https://www.amazon.com/School-Backpack-Cartoon-Travel-Toddler/dp/B08WWG91Q3/ref=sr_1_72?crid=2M096C61O4MLT&keywords=bags&qid=1658673185&sprefix=ba%2Caps%2C283&sr=8-72
70,HEROZ Hammer Unisex Nylon 45 L Travel Laptop Backpack Water Resistant Slim Durable Fits Up to 17.3 Inch Laptop Notebook (All) (Grey & Black),"1,399",4.3,"6,662",https://www.amazon.com/HEROZ-Hammer-Durable-Travel-Laptop/dp/B07MGDFT9C/ref=sr_1_73?crid=2M096C61O4MLT&keywords=bags&qid=1658673185&sprefix=ba%2Caps%2C283&sr=8-73
71,Baggit Women Saddle Handbag (BLACK),582,4.1,18,https://www.amazon.com/Baggit-JCEY-M/dp/B09P43KTRT/ref=sr_1_74?crid=2M096C61O4MLT&keywords=bags&qid=1658673185&smid=A1WYWER0W24N8S&sprefix=ba%2Caps%2C283&sr=8-74
72,Kuber Industries Disney Mickey Mouse Print 14 inch Waterproof Polyester School Bag/Backpack for Kids (Black)-KUBMART3442,496,4.0,214,https://www.amazon.com/Kuber-Industries-Waterproof-Polyester-KUBMART3442/dp/B08FRKTN12/ref=sr_1_77?crid=2M096C61O4MLT&keywords=bags&qid=1658673185&smid=A2AL6IVND0I91F&sprefix=ba%2Caps%2C283&sr=8-77
73,Gear Carryon Backpack Black- Blue (BKPCARYON0110),189,3.7,"4,643",https://www.amazon.com/GEAR-Black-Blue-Backpack-years/dp/B019HA8AYG/ref=sr_1_78?crid=2M096C61O4MLT&keywords=bags&qid=1658673185&sprefix=ba%2Caps%2C283&sr=8-78
74,Gear 21 Ltrs Black Grey Casual Backpack (MDBKPECO50104),416,3.8,"1,679",https://www.amazon.com/Gear-Black-Casual-Backpack-MDBKPECO50104/dp/B0757MBSS6/ref=sr_1_79?crid=2M096C61O4MLT&keywords=bags&qid=1658673185&smid=AXOGFIT0PZZ7G&sprefix=ba%2Caps%2C283&sr=8-79
75,DIXON Synthetic Leather Casual Travel Chain Shoulder Deatachable Slingbag For Women,399,4.1,"1,293",https://www.amazon.com/DIXON-Synthetic-Shoulder-Deatachable-Slingbag/dp/B08ZNC3JM9/ref=sr_1_80?crid=2M096C61O4MLT&keywords=bags&qid=1658673185&sprefix=ba%2Caps%2C283&sr=8-80
76,"Golden Wolf Laptop Bag,Business Anti Theft Backpack with Lock,Water Resistant College School Laptop Backpack with Rain Cover and USB Charging Port Earphone Port,Backpack Gifts for 15.6 inch Laptop 25 L Travel Bag For Women & Men,Dark Grey","1,756",4.4,"2,448",https://www.amazon.com/Hoteon-Backpack-Anti-Theft-Earphone-Resistant/dp/B08HM4TQZZ/ref=sr_1_81?crid=2M096C61O4MLT&keywords=bags&qid=1658673185&smid=A1NO7NQ7CMFIEG&sprefix=ba%2Caps%2C283&sr=8-81
77,"Northzone Men's and Women's Stylish Lightweight Casual Travel Laptop Bag for School, College, Office (Navy Blue)",569,4.3,47,https://www.amazon.com/Northzone-Storage-Trending-Backpack-School/dp/B08FMSRJCL/ref=sr_1_82?crid=2M096C61O4MLT&keywords=bags&qid=1658673185&sprefix=ba%2Caps%2C283&sr=8-82
78,Laxella Casual Waterproof Lightweight Laptop Bag/Backpack for Men & Boys /Office School College Teens & Students.(Packof 1),470,3.4,101,https://www.amazon.com/Laxella-Waterproof-Lightweight-Backpack-Students/dp/B093DRDJD4/ref=sr_1_83?crid=2M096C61O4MLT&keywords=bags&qid=1658673185&sprefix=ba%2Caps%2C283&sr=8-83
79,Medium 15 L TUITION BAG AND COLLEGE BAG FOR GIRLS-B,429,5.0,1,https://www.amazon.com/Medium-TUITION-COLLEGE-GIRLS-Navy/dp/B09Z6TSKT3/ref=sr_1_84?crid=2M096C61O4MLT&keywords=bags&qid=1658673185&sprefix=ba%2Caps%2C283&sr=8-84
80,Medium 15 L TUITION BAG AND COLLEGE BAG FOR GIRLS-B,429,5.0,1,https://www.amazon.com/Medium-TUITION-COLLEGE-GIRLS-Navy/dp/B09Z6TSKT3/ref=sr_1_83?crid=2M096C61O4MLT&keywords=bags&qid=1658673187&sprefix=ba%2Caps%2C283&sr=8-83
81,"POLESTAR Xplore 55 L Hiking/ Trekking/ Camping/ Travelling Rucksack Backpack with rain cover, shoe compartment, water resistant, made with polyester, 1 year warranty",822,4.1,"10,087",https://www.amazon.com/gp/bestsellers/luggage/1984997031/ref=sr_bs_3_1984997031_1
82,Martucci 16 inch 36L Casual Waterproof Laptop Backpack/Office Bag/School Bag/College Bag/Business Bag/Unisex Travel Backpack,639,5.0,11,https://www.amazon.com/Martucci-Waterproof-Backpack-College-Business/dp/B0B1GHRTFF/ref=sr_1_85?crid=2M096C61O4MLT&keywords=bags&qid=1658673187&sprefix=ba%2Caps%2C283&sr=8-85
83,Gear Triumph Backpack Navy Blue-Beige (BKPTRMP520522),895,4.2,"4,864",https://www.amazon.com/Gear-Beige-Casual-Backpack-BKPTRMP520522/dp/B00VWM11HQ/ref=sr_1_86?crid=2M096C61O4MLT&keywords=bags&qid=1658673187&sprefix=ba%2Caps%2C283&sr=8-86
84,The Clownfish Ashton Unisex Polyester Slim 15.6 inch Laptop Bag Briefcase (Grey),699,3.4,10,https://www.amazon.com/Clownfish-Ashton-Unisex-Polyester-Briefcase/dp/B091L6BPX5/ref=sr_1_87?crid=2M096C61O4MLT&keywords=bags&qid=1658673187&sprefix=ba%2Caps%2C283&sr=8-87
85,Hyper Adam 65 LTR Rucksack Travel Backpack for Outdoor Sport Hiking Trekking Bag Camping Rucksack,999,4.2,"3,355",https://www.amazon.com/Hyper-Adam-Rucksack-Backpack-Trekking/dp/B07PJCH3VZ/ref=sr_1_88?crid=2M096C61O4MLT&keywords=bags&qid=1658673187&smid=A1EX79XG5O2VE5&sprefix=ba%2Caps%2C283&sr=8-88
86,"ZIPLINE Synthetic Leather Executive SMALL messenger bag for upto 13"" Laptop/Tablet for men women with multiple compartments (1-Tan Bag)",827,4.0,213,https://www.amazon.com/Leatherette-Executive-messenger-multiple-compartments/dp/B099NM8621/ref=sr_1_89?crid=2M096C61O4MLT&keywords=bags&qid=1658673187&smid=AE2F1YGE1DB7K&sprefix=ba%2Caps%2C283&sr=8-89
87,HEROZ Hacker 50 litres Nylon Travel Laptop Backpack Water Resistant Slim Durable Computer Book Bag Tracking Fits Up to 17.3-inch Laptop (058- All) (Grey & Red),"1,371",4.1,"3,214",https://www.amazon.com/HEROZ-Backpack-Resistant-Computer-17-3-inch/dp/B083N53TWB/ref=sr_1_90?crid=2M096C61O4MLT&keywords=bags&qid=1658673187&sprefix=ba%2Caps%2C283&sr=8-90
88,The Westzone Regular Hi Storage 25 L Waterproof Rain Cover Laptop Backpack (Navy Blue Ct),639,3.9,817,https://www.amazon.com/regular-waterproof-storage-college-Backpack/dp/B08BYSL2ZT/ref=sr_1_93?crid=2M096C61O4MLT&keywords=bags&qid=1658673187&sprefix=ba%2Caps%2C283&sr=8-93
89,LL LEATHER LAND DESIGNER BAGS Sling Bag_SLG_90,299,4.1,977,https://www.amazon.com/Leather-Land-Girls-Sling-Bag/dp/B07T9ML9ZB/ref=sr_1_94?crid=2M096C61O4MLT&keywords=bags&qid=1658673187&sprefix=ba%2Caps%2C283&sr=8-94
90,"Fast Travel 45 Ltrs, 46 cms School Bag Class 5-12 Large 4 partition Laptop Collage Office Travel Backpack Unisex",745,4.1,220,https://www.amazon.com/Fast-Travel-partition-Collage-Backpack/dp/B09VCLQ9H3/ref=sr_1_95?crid=2M096C61O4MLT&keywords=bags&qid=1658673187&sprefix=ba%2Caps%2C283&sr=8-95
91,HEROZ Harbour Unisex Nylon 28 L Travel Laptop Backpack Water Resistant Slim Durable Fits Up to 15.6 Inch Laptop Notebook (153-ALL) (Air Force Blue),790,4.1,"5,897",https://www.amazon.com/HEROZ-Backpack-Resistant-Notebook-Airforce/dp/B07MCRHSVP/ref=sr_1_96?crid=2M096C61O4MLT&keywords=bags&qid=1658673187&sprefix=ba%2Caps%2C283&sr=8-96
92,"Vayu Enterprise Toddlers Pikachu Kids School Bag Cute Backpacks for Girls/Boys/Animal Cartoon Mini Travel Bag Backpack for Kids Girl Boy 2-6 Years (Yellow), Pack of 1",169,3.8,39,https://www.amazon.com/Enterprise-Toddlers-Pikachu-Backpacks-Backpack/dp/B09MHF2R1X/ref=sr_1_97?crid=2M096C61O4MLT&keywords=bags&qid=1658673187&sprefix=ba%2Caps%2C283&sr=8-97
93,Right Choice Laptop backpack multicolor unisex bag,499,3.2,75,https://www.amazon.com/Choice-Laptop-backpack-multicolor-unisex/dp/B09QMMR63Q/ref=sr_1_98?crid=2M096C61O4MLT&keywords=bags&qid=1658673187&sprefix=ba%2Caps%2C283&sr=8-98
94,Cosmus Vogue Casual Laptop Backpack with USB Charger Port 46cm 26 Litre Navy College Bag,"1,240",4.2,"1,152",https://www.amazon.com/Cosmus-Casual-Backpack-Charger-College/dp/B08D7D2ZFX/ref=sr_1_99?crid=2M096C61O4MLT&keywords=bags&qid=1658673187&smid=A20PVHIS8DLHRJ&sprefix=ba%2Caps%2C283&sr=8-99
95,Beauty Girls®-1522 Polyester Floral printed Designer Stylish Waterproof School/Collage/Picnic Bag-Backpack For Girls & Women (32 Lit),869,4.1,379,https://www.amazon.com/Girls-1522-Polyester-Designer-Waterproof-Bag-Backpack/dp/B08F9SFYXQ/ref=sr_1_100?crid=2M096C61O4MLT&keywords=bags&qid=1658673187&smid=A2II2NOIORNN01&sprefix=ba%2Caps%2C283&sr=8-100
96,Comfabie 35 L Casual Waterproof Laptop Bag/Backpack for Men Boys & Girls For Office School College Teens & Students with Rain Cover With adjustable Strap With 2 Compartment,749,3.9,32,https://www.amazon.com/Comfabie-Casual-Waterproof-Laptop-Bag/dp/B0B2LXQWM5/ref=sr_1_99?crid=2M096C61O4MLT&keywords=bags&qid=1658673188&sprefix=ba%2Caps%2C283&sr=8-99
97,Beauty Girls®-1522 Polyester Floral printed Designer Stylish Waterproof School/Collage/Picnic Bag-Backpack For Girls & Women (32 Lit),869,4.1,379,https://www.amazon.com/Girls-1522-Polyester-Designer-Waterproof-Bag-Backpack/dp/B08F9SFYXQ/ref=sr_1_100?crid=2M096C61O4MLT&keywords=bags&qid=1658673188&smid=A2II2NOIORNN01&sprefix=ba%2Caps%2C283&sr=8-100
98,ICEMART 25 L Waterproof Laptop Bag/Backpack for Men;Women;Boys;Girls/Office School College,549,3.7,30,https://www.amazon.com/ICEMART-Waterproof-Laptop-Backpack-College/dp/B09LVP487G/ref=sr_1_101?crid=2M096C61O4MLT&keywords=bags&qid=1658673188&sprefix=ba%2Caps%2C283&sr=8-101
99,"Fur Jaden Anti Theft Number Lock Backpack Bag with 15.6 Inch Laptop Compartment, USB Charging Port & Organizer Pocket for Men Women Boys Girls",749,4.1,653,https://www.amazon.com/Number-Backpack-Compartment-Charging-Organizer/dp/B09VTDMRY7/ref=sr_1_102?crid=2M096C61O4MLT&keywords=bags&qid=1658673188&sprefix=ba%2Caps%2C283&sr=8-102
100,Right Choice Laptop backpack multicolor unisex bag,499,3.2,75,https://www.amazon.com/Choice-Laptop-backpack-multicolor-unisex/dp/B09QMNYRVL/ref=sr_1_103?crid=2M096C61O4MLT&keywords=bags&qid=1658673188&sprefix=ba%2Caps%2C283&sr=8-103
101,Pramadda Pure Luxury Mini Faux Leather Mobile Sling Bag For Women | Stylish Side Shoulder Crossbody Bags For Girls Daily Use | Messenger Purse With Waist Bag 2 in 1 | Latest Trendy Handbags.,465,4.6,446,https://www.amazon.com/Pramadda-Pure-Luxury-Crossbody-Messenger/dp/B09RKKGQVR/ref=sr_1_104?crid=2M096C61O4MLT&keywords=bags&qid=1658673188&smid=A3NMIEVYR1VO0Z&sprefix=ba%2Caps%2C283&sr=8-104
102,Fur Jaden Hiking Camping Rucksack Casual 10 Ltrs Blue Casual Backpack,249,3.6,"6,391",https://www.amazon.com/Fur-Jaden-Rucksack-Backpack-BM43_Blue/dp/B07PS38XSP/ref=sr_1_105?crid=2M096C61O4MLT&keywords=bags&qid=1658673188&smid=AXOGFIT0PZZ7G&sprefix=ba%2Caps%2C283&sr=8-105
103,Priority Disney Snow White 20 litres Pink Polyester Kids School Bag | Casual Backpack for Girls (25156),383,3.8,"11,375",https://www.amazon.com/Priority-Disney-Princess-Casual-Backpack/dp/B0849PHNG1/ref=sr_1_106?crid=2M096C61O4MLT&keywords=bags&qid=1658673188&sprefix=ba%2Caps%2C283&sr=8-106
104,Safari Swagpack 35 Ltrs Large Laptop Backpack With 3 Compartments and Raincover - Black (SWAGPACK19CBBLK),"1,099",3.7,315,https://www.amazon.com/Safari-Swagpack-Backpack-Compartments-Raincover/dp/B09B25QMKY/ref=sr_1_109?crid=2M096C61O4MLT&keywords=bags&qid=1658673188&sprefix=ba%2Caps%2C283&sr=8-109
105,KLEIO Quilted Travelling Crossbody Sling Bag For Women/Girls (HO8030KL),"1,168",4.4,114,https://www.amazon.com/KLEIO-Quilted-Travelling-Crossbody-HO8030KL-BL/dp/B09KXD6KTZ/ref=sr_1_110?crid=2M096C61O4MLT&keywords=bags&qid=1658673188&smid=ADZ4UR3C94Q2E&sprefix=ba%2Caps%2C283&sr=8-110
106,Comfabie 35 L Casual Waterproof Laptop Bag/Backpack for Men Boys & Girls For Office School College Teens & Students with Rain Cover With adjustable Strap With 2 Compartment,749,3.9,32,https://www.amazon.com/Comfabie-Casual-Waterproof-Laptop-Bag/dp/B0B1XJWJ37/ref=sr_1_111?crid=2M096C61O4MLT&keywords=bags&qid=1658673188&sprefix=ba%2Caps%2C283&sr=8-111
107,Dein Kleider Nylon Sling Cross Body Utility Travel Office Business Messenger one Side Shoulder Bag for Men and Women,289,4.1,114,https://www.amazon.com/Kleider-Utility-Business-Messenger-Shoulder/dp/B09RQNP9KT/ref=sr_1_112?crid=2M096C61O4MLT&keywords=bags&qid=1658673188&smid=A2B3JTOLC77ES8&sprefix=ba%2Caps%2C283&sr=8-112
108,Lavie Sport Swing 34 litres Casual Backpack | School College Bag for Boys & Girls,769,4.2,101,https://www.amazon.com/Lavie-Sport-Maroon-Casual-Backpack/dp/B083KSWS2J/ref=sr_1_113?crid=2M096C61O4MLT&keywords=bags&qid=1658673188&smid=AXOGFIT0PZZ7G&sprefix=ba%2Caps%2C283&sr=8-113
109,"Genie Chekmex Backpack for Women - 2 compartments, School Bags for Girls, Stylish and Trendy College Backpacks for Girls, Water Resistant and Lightweight Bags for Office and Travelling Purpose.",459,4.5,18,https://www.amazon.com/Genie-Chekmex-Backpack-Women-compartments/dp/B097JHTGGP/ref=sr_1_114?crid=2M096C61O4MLT&keywords=bags&qid=1658673188&sprefix=ba%2Caps%2C283&sr=8-114
110,"Fur Jaden 15.6 Inch Laptop Backpack 25 LTR Bag for School, College and Office with USB Charging Port",449,3.9,"8,654",https://www.amazon.com/Fur-Jaden-Charging-Waterproof-BM36_RedZip/dp/B07P7ZNQPF/ref=sr_1_115?crid=2M096C61O4MLT&keywords=bags&qid=1658673188&smid=AXOGFIT0PZZ7G&sprefix=ba%2Caps%2C283&sr=8-115
111,Baggit Women's Sling Bag,771,4.2,97,https://www.amazon.com/Baggit-2121619-Womens-Western-Pink/dp/B09929PM71/ref=sr_1_116?crid=2M096C61O4MLT&keywords=bags&qid=1658673188&smid=A1WYWER0W24N8S&sprefix=ba%2Caps%2C283&sr=8-116
112,Blue Tree School Bag for Kids Soft Plush Backpack Combo Cartoon Bags Mini Travel Bag for for Girls Boys Toddler Baby (Full Body Elephant & New Pink Panda),399,Null,Null,https://www.amazon.com/School-Backpack-Cartoon-Toddler-Elephant/dp/B08YP6HYJL/ref=sr_1_115?crid=2M096C61O4MLT&keywords=bags&qid=1658673189&sprefix=ba%2Caps%2C283&sr=8-115
113,"Genie Chekmex Backpack for Women - 2 compartments, School Bags for Girls, Stylish and Trendy College Backpacks for Girls, Water Resistant and Lightweight Bags for Office and Travelling Purpose.",459,4.5,18,https://www.amazon.com/Genie-Chekmex-Backpack-Women-compartments/dp/B097JHTGGP/ref=sr_1_116?crid=2M096C61O4MLT&keywords=bags&qid=1658673189&sprefix=ba%2Caps%2C283&sr=8-116
114,"Fur Jaden 15.6 Inch Laptop Backpack 25 LTR Bag for School, College and Office with USB Charging Port",449,3.9,"8,654",https://www.amazon.com/Fur-Jaden-Charging-Waterproof-BM36_RedZip/dp/B07P7ZNQPF/ref=sr_1_117?crid=2M096C61O4MLT&keywords=bags&qid=1658673189&smid=AXOGFIT0PZZ7G&sprefix=ba%2Caps%2C283&sr=8-117
115,SBSB Kids Nursary School Bag Soft PlushVelvet Backpacks Cartoon Baby Boy/Girl (2-5 Years) PADAY_BAG_9,178,3.4,162,https://www.amazon.com/Nursary-PlushVelvet-Backpacks-Cartoon-PADAY_BAG_9/dp/B0926623N8/ref=sr_1_118?crid=2M096C61O4MLT&keywords=bags&qid=1658673189&sprefix=ba%2Caps%2C283&sr=8-118
116,"Tatuaa Small 35 L Laptop Backpack Laptop Bag for 13/14/15.6 Inch, Slim durable Travel Backpacks",749,Null,Null,https://www.amazon.com/Tatuaa-Laptop-Backpack-durable-Backpacks/dp/B0B5MT1HQK/ref=sr_1_119?crid=2M096C61O4MLT&keywords=bags&qid=1658673189&sprefix=ba%2Caps%2C283&sr=8-119
117,Baggit Women's Sling Bag,771,4.2,97,https://www.amazon.com/Baggit-2121619-Womens-Western-Pink/dp/B09929PM71/ref=sr_1_120?crid=2M096C61O4MLT&keywords=bags&qid=1658673189&smid=A1WYWER0W24N8S&sprefix=ba%2Caps%2C283&sr=8-120
118,"BALIXO Laptop Backpack 15.6 Inch, Water-Repellent, Lightweight Design, Sleek for Travel, Business Casual or College, for Men or Women",399,3.6,25,https://www.amazon.com/BALIXO-Casual-Backpack-Water-Repellent-Lightweight/dp/B09T6P8B5J/ref=sr_1_121?crid=2M096C61O4MLT&keywords=bags&qid=1658673189&sprefix=ba%2Caps%2C283&sr=8-121
119,Right Choice Laptop backpack multicolor unisex bag,499,3.2,75,https://www.amazon.com/Choice-Laptop-backpack-multicolor-unisex/dp/B09QMNCWMN/ref=sr_1_122?crid=2M096C61O4MLT&keywords=bags&qid=1658673189&sprefix=ba%2Caps%2C283&sr=8-122
120,HEROZ Hacker 50 litres Nylon Travel Laptop Backpack Water Resistant Slim Durable Computer Book Bag Tracking Fits Up to 17.3-inch Laptop (058- All) (Grey & Navy Blue),"1,499",4.1,"3,214",https://www.amazon.com/HEROZ-Backpack-Resistant-Computer-17-3-inch/dp/B083N3DCTM/ref=sr_1_125?crid=2M096C61O4MLT&keywords=bags&qid=1658673189&sprefix=ba%2Caps%2C283&sr=8-125
121,Fiesto Fashion Women's Handbag With Sling Bag (Set of 2) (FF0719004_Black),551,3.8,44,https://www.amazon.com/Fiesto-Fashion-Womens-Handbag-Sling/dp/B07V5N6XGB/ref=sr_1_126?crid=2M096C61O4MLT&keywords=bags&qid=1658673189&sprefix=ba%2Caps%2C283&sr=8-126
122,Beauty Girls®-1523 Polyester Floral printed Designer Stylish Waterproof School/Collage/Picnic Bag-Backpack For Girls & Women (32 Lit),929,4.3,207,https://www.amazon.com/Girls-1523-Polyester-Designer-Waterproof-Bag-Backpack/dp/B08F9YVKT1/ref=sr_1_127?crid=2M096C61O4MLT&keywords=bags&qid=1658673189&smid=A2II2NOIORNN01&sprefix=ba%2Caps%2C283&sr=8-127
123,Caprese Women's Tote bag,833,4.2,177,https://www.amazon.com/Caprese-Womens-Tote-bag-Olive/dp/B09FT317W6/ref=sr_1_128?crid=2M096C61O4MLT&keywords=bags&qid=1658673189&smid=A1WYWER0W24N8S&sprefix=ba%2Caps%2C283&sr=8-128
124,"Mount Track Rucksack, Hiking & Trekking backpack 70 Ltrs Navy Blue","1,410",4.7,3,https://www.amazon.com/Mount-Rucksack-Hiking-Trekking-backpack/dp/B08D9N8FQY/ref=sr_1_129?crid=2M096C61O4MLT&keywords=bags&qid=1658673189&smid=A1Y3ZYKOY32RKT&sprefix=ba%2Caps%2C283&sr=8-129
125,"TRAWOC 65 L Travel Backpack for Hiking Trekking Bag Camping Rucksack with Rain Cover / Shoe Compartment MHK002, 1 Year Warranty","1,646",4.4,"1,137",https://www.amazon.com/TRAWOC-Backpack-Trekking-Rucksack-Warranty/dp/B0847NT23G/ref=sr_1_130?crid=2M096C61O4MLT&keywords=bags&qid=1658673189&smid=A2NO2EI687PB79&sprefix=ba%2Caps%2C283&sr=8-130
126,"Lenovo 15.6"" Professional Backpack, Made in India, Water-resistant,Uncompromised storage, Travel friendly:Fleece-lined PC compartment,Vented,Padded BackPanel & Adjustable shoulder straps,Luggage strap",999,4.2,451,https://www.amazon.com/Lenovo-Professional-Backpack-Water-resistant-Uncompromised/dp/B08R7S55H4/ref=sr_1_131?crid=2M096C61O4MLT&keywords=bags&qid=1658673189&sprefix=ba%2Caps%2C283&sr=8-131
127,"Good Friends Waterproof, Laptop College School Bag + Digital Watches Combo (Military +Green)",699,4.0,"1,223",https://www.amazon.com/Good-Friends-Waterproof-College-Military/dp/B082DK21NT/ref=sr_1_132?crid=2M096C61O4MLT&keywords=bags&qid=1658673189&sprefix=ba%2Caps%2C283&sr=8-132
128,"uppercase Medium 19L Laptop Backpack 1600EBP1 Compact 3x more water repellent sustainable bags with rain proof zippers for Men, Women, Boys and Girls , 750 Days warranty","1,100",5.0,23,https://www.amazon.com/uppercase-Backpack-1600EBP1-repellent-sustainable/dp/B0B68ZS5G1/ref=sr_1_131?crid=2M096C61O4MLT&keywords=bags&qid=1658673190&sprefix=ba%2Caps%2C283&sr=8-131
129,Baggit Women Satchel Handbag (GREY),599,4.2,504,https://www.amazon.com/Baggit-Womens-Satchel-Handbag-Grey/dp/B098TKJG1L/ref=sr_1_132?crid=2M096C61O4MLT&keywords=bags&qid=1658673190&smid=A1WYWER0W24N8S&sprefix=ba%2Caps%2C283&sr=8-132
130,Amazon Brand - Eden & Ivy Autumn-Winter'20 womens Amazon Brand - Eden & Ivy Handbag (Black),599,4.2,891,https://www.amazon.com/Amazon-Brand-Autumn-Winter20-womens-Handbag/dp/B08H89HSRV/ref=sr_1_133?crid=2M096C61O4MLT&keywords=bags&qid=1658673190&smid=A1WYWER0W24N8S&sprefix=ba%2Caps%2C283&sr=8-133
131,"Genie Gypsy 21 litres Red Laptop Backpack (17 inch, 2 Compartments, Water Resistant)","1,121",3.9,35,https://www.amazon.com/Genie-litres-Salmon-Laptop-Backpack/dp/B07SXRTZH9/ref=sr_1_134?crid=2M096C61O4MLT&keywords=bags&qid=1658673190&sprefix=ba%2Caps%2C283&sr=8-134
132,"Safari Crew Overnighter Backpack, 40 Ltr Water Resistant Travel Laptop Bag, Black Polyester Bagpack for Men and Women, Spacious Shoulder Bag for Travelling and Camping","1,999",Null,Null,https://www.amazon.com/Safari-Overnighter-Resistant-Polyester-Travelling/dp/B097JK3X9D/ref=sr_1_135?crid=2M096C61O4MLT&keywords=bags&qid=1658673190&smid=AXOGFIT0PZZ7G&sprefix=ba%2Caps%2C283&sr=8-135
133,"Skybags Arthur 30 L Laptop Backpack (Grey), Free Size (PLBPARTHGRY)","1,150",4.0,446,https://www.amazon.com/Skybags-Arthur-Laptop-Backpack-Grey/dp/B07SRFGK6H/ref=sr_1_136?crid=2M096C61O4MLT&keywords=bags&qid=1658673190&sprefix=ba%2Caps%2C283&sr=8-136
134,Grear Office Laptop Bag/School Bag/Multipurpose Bag for Men & Women,425,3.8,29,https://www.amazon.com/Grear-Office-Laptop-School-Multipurpose/dp/B093QBPJVH/ref=sr_1_137?crid=2M096C61O4MLT&keywords=bags&qid=1658673190&sprefix=ba%2Caps%2C283&sr=8-137
135,"Kuber Industries Disney Mickey Mouse 15 inch Polyster School Bag/Backpack for Kids, Red & Black-DISNEY001",599,4.3,309,https://www.amazon.com/Kuber-Industries-Polyster-Backpack-Black-DISNEY001/dp/B085SK6TB3/ref=sr_1_138?crid=2M096C61O4MLT&keywords=bags&qid=1658673190&sprefix=ba%2Caps%2C283&sr=8-138
136,Lenovo Casual Laptop Briefcase T210 (Toploader) 39.62 cm (15.6-inch) Water Repellent Black,799,4.2,"43,222",https://www.amazon.com/Lenovo-Carrying-15-6-Inch-Toploader-GX40Q17229/dp/B075Y6Y9H5/ref=sr_1_141?crid=2M096C61O4MLT&keywords=bags&qid=1658673190&smid=A14CZOWI0VEHLG&sprefix=ba%2Caps%2C283&sr=8-141
137,"BEAUTY GIRLS 1531 Polyester Waterproof 30 L Floral Printed School, College Tuition Laptop Backpack Bag for Girls & Women",879,4.3,752,https://www.amazon.com/BEAUTY-GIRLS-Polyester-Waterproof-Backpack/dp/B08YRFQHQX/ref=sr_1_142?crid=2M096C61O4MLT&keywords=bags&qid=1658673190&smid=A2II2NOIORNN01&sprefix=ba%2Caps%2C283&sr=8-142
138,Half Moon 34 L Water Resistant 15.6 inch Laptop Bag/Backpack for Men Women Boys Girls/Office School College with Padded Laptop Compartment (Grey),649,4.0,850,https://www.amazon.com/Half-Moon-Resistant-Backpack-Compartment/dp/B09T2MRRG3/ref=sr_1_143?crid=2M096C61O4MLT&keywords=bags&qid=1658673190&smid=A1UVZJ9N7FK5G6&sprefix=ba%2Caps%2C283&sr=8-143
139,Storite Stylish PU Leather Sling Cross Body Travel Office Business Messenger One Side Shoulder Bag for Men Women(30cmx5.5cmx24cm) (Coffee Brown),799,4.0,589,https://www.amazon.com/Storite-Leather-Sling-Bag-30x24x5-5cm/dp/B091CL7VRZ/ref=sr_1_144?crid=2M096C61O4MLT&keywords=bags&qid=1658673190&smid=A3FPNGXJ2Z95CC&sprefix=ba%2Caps%2C283&sr=8-144
140,"Bennett™ Mystic 15.6 inch(39cm) Laptop Shoulder Messenger Sling Office Bag, Water Repellent Fabric for Men and Women (Charcoal Black)",499,4.1,"2,526",https://www.amazon.com/gp/bestsellers/computers/1375466031/ref=sr_bs_16_1375466031_1
141,Asus ROG BP1501 39.62 cm (15.6-inch) Gaming Laptop Backpack (Black),"1,199",4.3,595,https://www.amazon.com/BP1501-15-6-inch-Gaming-Laptop-Backpack/dp/B081RLHHCY/ref=sr_1_146?crid=2M096C61O4MLT&keywords=bags&qid=1658673190&smid=A14CZOWI0VEHLG&sprefix=ba%2Caps%2C283&sr=8-146
142,Modfrill Casual Crossbody Synthetic Leather Men Sling Bag,499,4.1,962,https://www.amazon.com/MODFRILL-Mens-Sling-Bag-Brown/dp/B08NG4FMYK/ref=sr_1_147?crid=2M096C61O4MLT&keywords=bags&qid=1658673190&sprefix=ba%2Caps%2C283&sr=8-147
143,Puma 24 Ltrs Limoges Laptop Backpack (7471402),719,3.9,250,https://www.amazon.com/Puma-Limoges-Laptop-Backpack-7471402/dp/B072QF243M/ref=sr_1_148?crid=2M096C61O4MLT&keywords=bags&qid=1658673190&sprefix=ba%2Caps%2C283&sr=8-148
144,ZIPLOC Polyester Adjustable Strap Baby Diaper Nappy Changing |Mother Handbag |Maternity Backpack,"1,199",4.5,"1,151",https://www.amazon.com/IFFOVERSEAS-ZIPLOC-Polyester-Adjustable-Diaper/dp/B08LVXRN82/ref=sr_1_147?crid=2M096C61O4MLT&keywords=bags&qid=1658673191&sprefix=ba%2Caps%2C283&sr=8-147
145,SAFARI 15 Ltrs Cherry Red Casual/School/College Backpack (DAYPACKNEO15CBCRE),275,4.1,"4,273",https://www.amazon.com/SAFARI-Cherry-Casual-Backpack-DAYPACKNEO15CBCRE/dp/B07NSBSV2Y/ref=sr_1_148?crid=2M096C61O4MLT&keywords=bags&qid=1658673191&smid=AXOGFIT0PZZ7G&sprefix=ba%2Caps%2C283&sr=8-148
146,"BALIXO Laptop Backpack 15.6 Inch, Water-Repellent, Lightweight Design, Sleek for Travel, Business Casual or College, for Men or Women",399,3.6,25,https://www.amazon.com/BALIXO-Casual-Backpack-Water-Repellent-Lightweight/dp/B09T6P8B5J/ref=sr_1_149?crid=2M096C61O4MLT&keywords=bags&qid=1658673191&sprefix=ba%2Caps%2C283&sr=8-149
147,Right Choice Laptop backpack multicolor unisex bag,499,3.2,75,https://www.amazon.com/Choice-Laptop-backpack-multicolor-unisex/dp/B09QMNCWMN/ref=sr_1_150?crid=2M096C61O4MLT&keywords=bags&qid=1658673191&sprefix=ba%2Caps%2C283&sr=8-150
148,HEROZ Hacker 50 litres Nylon Travel Laptop Backpack Water Resistant Slim Durable Computer Book Bag Tracking Fits Up to 17.3-inch Laptop (058- All) (Grey & Navy Blue),"1,499",4.1,"3,214",https://www.amazon.com/HEROZ-Backpack-Resistant-Computer-17-3-inch/dp/B083N3DCTM/ref=sr_1_151?crid=2M096C61O4MLT&keywords=bags&qid=1658673191&sprefix=ba%2Caps%2C283&sr=8-151
149,HeartInk® BTS Bangtan Boys KPOP Theme Fan Art Laptop Bag Casual School Backpack (COMBO OF 3-SIZE BAGS) - HIKBTSBGSET17,"1,399",4.1,196,https://www.amazon.com/HeartInk%C2%AE-Bangtan-Laptop-Casual-Backpack/dp/B096KQWGQ4/ref=sr_1_152?crid=2M096C61O4MLT&keywords=bags&qid=1658673191&sprefix=ba%2Caps%2C283&sr=8-152
150,Good Friends Stylish College Bags boy & Girl Waterproof Backpack (Black),399,3.8,576,https://www.amazon.com/Friends-Stylish-College-Waterproof-Backpack/dp/B08GJXGDK8/ref=sr_1_153?crid=2M096C61O4MLT&keywords=bags&qid=1658673191&sprefix=ba%2Caps%2C283&sr=8-153
151,Nelle Harper Women's Shoulder bag,499,4.0,"1,806",https://www.amazon.com/gp/bestsellers/shoes/1983352031/ref=sr_bs_9_1983352031_1
152,"Mount Track Rucksack, Hiking & Trekking backpack 70 Ltrs Navy Blue","1,410",4.7,3,https://www.amazon.com/Mount-Rucksack-Hiking-Trekking-backpack/dp/B08D9N8FQY/ref=sr_1_157?crid=2M096C61O4MLT&keywords=bags&qid=1658673191&smid=A1Y3ZYKOY32RKT&sprefix=ba%2Caps%2C283&sr=8-157
153,"Storite Stylish PU Leather Sling Cross Body Travel Office Sling Bag, One Side Shoulder Bag for Men Women (25.5cmx7cmx20cm, Dark Brown)",799,4.2,102,https://www.amazon.com/Storite-Sling-Bag-Shoulder-25-5cmx7cmx20cm/dp/B09P3RQPCG/ref=sr_1_158?crid=2M096C61O4MLT&keywords=bags&qid=1658673191&smid=A3FPNGXJ2Z95CC&sprefix=ba%2Caps%2C283&sr=8-158
154,Urban Wolf Business Casual 30L Dual Compartment Water Resistant Laptop Backpack,749,4.1,752,https://www.amazon.com/Business-Casual-Compartment-Resistant-Backpack/dp/B08N6HSJJ5/ref=sr_1_159?crid=2M096C61O4MLT&keywords=bags&qid=1658673191&sprefix=ba%2Caps%2C283&sr=8-159
155,Asian Eco-Friendly Jute Hand Bag-Reusable Tiffin Shopping Grocery Multipurpose Hand Bag with Zip & Handle for Men and Women,236,3.9,36,https://www.amazon.com/Eco-Friendly-Bag-Reusable-Shopping-Grocery-Multipurpose/dp/B09V5PVDTC/ref=sr_1_160?crid=2M096C61O4MLT&keywords=bags&qid=1658673191&sprefix=ba%2Caps%2C283&sr=8-160
156,"Lenovo 15.6"" Professional Backpack, Made in India, Water-resistant,Uncompromised storage, Travel friendly:Fleece-lined PC compartment,Vented,Padded BackPanel & Adjustable shoulder straps,Luggage strap",999,4.2,451,https://www.amazon.com/Lenovo-Professional-Backpack-Water-resistant-Uncompromised/dp/B08R7S55H4/ref=sr_1_161?crid=2M096C61O4MLT&keywords=bags&qid=1658673191&sprefix=ba%2Caps%2C283&sr=8-161
157,ADISA Women Girls Flower Print Sling Bag Round Crossbody Purse,560,4.3,78,https://www.amazon.com/ADISA-Women-Flower-Crossbody-SL6007-GRN_Green/dp/B09TPM1BTX/ref=sr_1_162?crid=2M096C61O4MLT&keywords=bags&qid=1658673191&sprefix=ba%2Caps%2C283&sr=8-162
158,"POLESTAR Epic 30 L College/ School/ Office/ Casual/ Travel Backpack with 15.6"" laptop compartment, suitable for both men & women, stylish & durable, 1 year warranty",567,3.3,46,https://www.amazon.com/POLESTAR-Backpack-compartment-suitable-warranty/dp/B09XTK33VB/ref=sr_1_163?crid=2M096C61O4MLT&keywords=bags&qid=1658673191&smid=A3HBYWQBT33AGW&sprefix=ba%2Caps%2C283&sr=8-163
159,Luvina Rechargeable Electric Hot Water Bag,299,3.2,42,https://www.amazon.com/Luvina-Rechargeable-Electric-Hot-Water/dp/B075FLFW8C/ref=sr_1_164?crid=2M096C61O4MLT&keywords=bags&qid=1658673191&sprefix=ba%2Caps%2C283&sr=8-164
160,Bizanne Fashion Medium Size Fashion Backpack for Girls | Best Gifts for Girls | College Bag for Girls | Stylish Backpack for Women |Stylish Latest Ladies Backpack,409,3.1,305,https://www.amazon.com/Bizanne-Fashion-Backpack-College-Stylish/dp/B09FXYKW9C/ref=sr_1_163?crid=2M096C61O4MLT&keywords=bags&qid=1658673193&sprefix=ba%2Caps%2C283&sr=8-163
161,"Genie Camellia 27 litres Pink School Backpack (17 inch, Water Resistant)",849,4.3,"1,522",https://www.amazon.com/Genie-Ltrs-School-Backpack-CAMELLIA17SBPIN/dp/B07QHMKHWH/ref=sr_1_164?crid=2M096C61O4MLT&keywords=bags&qid=1658673193&smid=AXOGFIT0PZZ7G&sprefix=ba%2Caps%2C283&sr=8-164
162,TRUE HUMAN Emperor 2 in 1 Anti-Theft Backpack with USB Charging Port (Black),709,3.1,17,https://www.amazon.com/TRUE-HUMAN-Anti-Theft-Backpack-Charging/dp/B09ZQV368F/ref=sr_1_165?crid=2M096C61O4MLT&keywords=bags&qid=1658673193&sprefix=ba%2Caps%2C283&sr=8-165
163,Baggit Women Satchel Handbag (BROWN),599,Null,Null,https://www.amazon.com/Baggit-Women-Satchel-Handbag-BROWN/dp/B09Z26YP7T/ref=sr_1_166?crid=2M096C61O4MLT&keywords=bags&qid=1658673193&smid=A1WYWER0W24N8S&sprefix=ba%2Caps%2C283&sr=8-166
164,"FICRO College School Book Bag Laptop Computer, Travel Backpacks Laptop Bag for Women Men (Red)",399,3.4,14,https://www.amazon.com/FICRO-College-School-Computer-Backpacks/dp/B09C2PBJNX/ref=sr_1_167?crid=2M096C61O4MLT&keywords=bags&qid=1658673193&sprefix=ba%2Caps%2C283&sr=8-167
165,"DAHSHA Stylish Nylon Small 6 Multi Pocket Sling Cross Body Travel Office Business Messenger one Side Shoulder Bag for Men & Women (25 x 9 x 21 CM, Grey)",545,4.2,354,https://www.amazon.com/DAHSHA-Sling-Messenger-Bag-Grey/dp/B09CGDFNBV/ref=sr_1_168?crid=2M096C61O4MLT&keywords=bags&qid=1658673193&smid=A3FPNGXJ2Z95CC&sprefix=ba%2Caps%2C283&sr=8-168
166,Wooum 15.6 inch Water-Resistance Laptop Bag for Men and Women Casual Backpack Laptop Backpack/Office Bag/School Bag/College Bag/Business Bag/Unisex Travel Backpack - Grey-Black,467,4.1,281,https://www.amazon.com/Water-Resistance-Laptop-Backpack-College-Business/dp/B08R7JVXTS/ref=sr_1_169?crid=2M096C61O4MLT&keywords=bags&qid=1658673193&sprefix=ba%2Caps%2C283&sr=8-169
167,Lavie Women's Ushawu Satchel Bag | Ladies Purse Handbag,"1,067",4.1,"3,380",https://www.amazon.com/gp/bestsellers/shoes/1983354031/ref=sr_bs_9_1983354031_1
168,Beauty Girls-1518 Polyester Floral printed Designer Stylish Waterproof School/Collage/Picknic Bag-Backpack For Girls & Women (32 Lit),"1,079",4.5,373,https://www.amazon.com/Girls-1518-Polyester-Designer-Waterproof-Bag-Backpack/dp/B08F9QYRZB/ref=sr_1_173?crid=2M096C61O4MLT&keywords=bags&qid=1658673193&smid=A2II2NOIORNN01&sprefix=ba%2Caps%2C283&sr=8-173
169,Glowic Unisex's College Office Dual Compartment Canvas Laptop Backpack for Men and Women (WBAG-55) (Blue),749,Null,Null,https://www.amazon.com/Glowic-Unisexs-Compartment-Backpack-WBAG-55/dp/B0B5N5TGK6/ref=sr_1_174?crid=2M096C61O4MLT&keywords=bags&qid=1658673193&sprefix=ba%2Caps%2C283&sr=8-174
170,"Storite Stylish Padded Small Nylon Sling Cross Body Travel Office Bag for Men Women (22.5cm x 9.5cm x 22.5 cm, Dark Grey)",599,3.9,619,https://www.amazon.com/Storite-Stylish-Sling-Bag-Grey/dp/B098L372Z7/ref=sr_1_175?crid=2M096C61O4MLT&keywords=bags&qid=1658673193&smid=A3FPNGXJ2Z95CC&sprefix=ba%2Caps%2C283&sr=8-175
171,Kuber Industries Disney Cars Print 14 inch Waterproof Polyster School Bag/Backpack for Kids (Red) - KUBMART09904,549,3.7,86,https://www.amazon.com/Kuber-Industries-Waterproof-Polyster-Backpack/dp/B08HXK2MQS/ref=sr_1_176?crid=2M096C61O4MLT&keywords=bags&qid=1658673193&sprefix=ba%2Caps%2C283&sr=8-176
172,"The Deal Men's 15.6 Inch Polyester Casual Laptop Backpack, Travel Computer Bag Water Resistant College Work School Bag (Blue)",399,3.5,380,https://www.amazon.com/Deal-Polyester-Backpack-Computer-Resistant/dp/B08RC39B71/ref=sr_1_177?crid=2M096C61O4MLT&keywords=bags&qid=1658673193&sprefix=ba%2Caps%2C283&sr=8-177
173,Storite Women's Lightweight Foldable Rexine Travel Handbag Storage Carrying Bag (50 x 20x 38 cm) Off White,469,4.0,848,https://www.amazon.com/Storite-Lightweight-Travel-Bag-20x15-5x8-5/dp/B07GB9PKXB/ref=sr_1_178?crid=2M096C61O4MLT&keywords=bags&qid=1658673193&smid=A3FPNGXJ2Z95CC&sprefix=ba%2Caps%2C283&sr=8-178
174,Wildcraft 44 Ltrs Casual Backpack (11629-Wolf_Blue),"1,690",4.5,271,https://www.amazon.com/Wildcraft-Wolf_Blu-Casual-Backpack-11629-Wolf_Blu/dp/B079DFHYHP/ref=sr_1_179?crid=2M096C61O4MLT&keywords=bags&qid=1658673193&sprefix=ba%2Caps%2C283&sr=8-179
175,"Safar Casual Bagpack, School Bag, Laptop Backpack for HP and Lenovo Laptops 9",480,4.6,3,https://www.amazon.com/Casual-Bagpack-School-Backpack-Laptops/dp/B089FJLM5H/ref=sr_1_180?crid=2M096C61O4MLT&keywords=bags&qid=1658673193&sprefix=ba%2Caps%2C283&sr=8-180
176,"uppercase Medium 19L Laptop Backpack 1600EBP1 Compact 3x more water repellent sustainable bags with rain proof zippers for Men, Women, Boys and Girls , 750 Days warranty","1,100",5.0,23,https://www.amazon.com/uppercase-Backpack-1600EBP1-repellent-sustainable/dp/B0B68ZS5G1/ref=sr_1_179?crid=2M096C61O4MLT&keywords=bags&qid=1658673194&sprefix=ba%2Caps%2C283&sr=8-179
177,ASTRID Women's Round Sling Bag with Pompoms (Brown),459,4.3,123,https://www.amazon.com/ASTRID-Womens-Round-Sling-Pompoms/dp/B08VS8JBNK/ref=sr_1_180?crid=2M096C61O4MLT&keywords=bags&qid=1658673194&sprefix=ba%2Caps%2C283&sr=8-180
178,Gear Vintage2 Anti Theft Faux Leather 28 Ltrs Brown Laptop Backpack (LBPVG2LTH0201),"1,066",4.4,"2,866",https://www.amazon.com/Gear-Vintage2-Leather-Backpack-LBPVG2LTH0201/dp/B07G4D13L7/ref=sr_1_181?crid=2M096C61O4MLT&keywords=bags&qid=1658673194&smid=AXOGFIT0PZZ7G&sprefix=ba%2Caps%2C283&sr=8-181
179,Raj Collection Cute Kids Backpack Toddler Bag Plush Animal Cartoon Mini Travel Bag for Baby Girl Boy 1-6 Years (Pink Minnie) or Girlfriend/Birthday Gift/Boy/Girl,166,3.2,40,https://www.amazon.com/Collection-Backpack-Toddler-Girlfriend-Birthday/dp/B09CTD98LR/ref=sr_1_182?crid=2M096C61O4MLT&keywords=bags&qid=1658673194&sprefix=ba%2Caps%2C283&sr=8-182
180,"Genie Gypsy 21 litres Red Laptop Backpack (17 inch, 2 Compartments, Water Resistant)","1,121",3.9,35,https://www.amazon.com/Genie-litres-Salmon-Laptop-Backpack/dp/B07SXRTZH9/ref=sr_1_183?crid=2M096C61O4MLT&keywords=bags&qid=1658673194&sprefix=ba%2Caps%2C283&sr=8-183
181,Puma 24 Ltrs Black Laptop Backpack (7471401),789,4.1,176,https://www.amazon.com/Puma-Black-Laptop-Backpack-7471401/dp/B071WMG6HC/ref=sr_1_184?crid=2M096C61O4MLT&keywords=bags&qid=1658673194&sprefix=ba%2Caps%2C283&sr=8-184
182,"Skybags Arthur 30 L Laptop Backpack (Grey), Free Size (PLBPARTHGRY)","1,150",4.0,446,https://www.amazon.com/Skybags-Arthur-Laptop-Backpack-Grey/dp/B07SRFGK6H/ref=sr_1_185?crid=2M096C61O4MLT&keywords=bags&qid=1658673194&sprefix=ba%2Caps%2C283&sr=8-185
183,Generic PIKACHU Kids School Bag/ Yellow/ kids toddler plush animal cartoon mini travel bag backpack for baby girl boy 3-6 year,189,3.3,50,https://www.amazon.com/Generic-PIKACHU-toddler-cartoon-backpack/dp/B09Q9BQTCW/ref=sr_1_186?crid=2M096C61O4MLT&keywords=bags&qid=1658673194&sprefix=ba%2Caps%2C283&sr=8-186
184,Grear Office Laptop Bag/School Bag/Multipurpose Bag for Men & Women,425,3.8,29,https://www.amazon.com/Grear-Office-Laptop-School-Multipurpose/dp/B093QBPJVH/ref=sr_1_189?crid=2M096C61O4MLT&keywords=bags&qid=1658673194&sprefix=ba%2Caps%2C283&sr=8-189
185,TRAWOC 80L Travel Backpack Camping Hiking Rucksack Trekking Bag with Water Proof Rain Cover / Shoe Compartment- BHK001 Black,"2,011",4.4,"1,093",https://www.amazon.com/TRAWOC-Backpack-Trekking-Rucksack-Warranty/dp/B083DYV9ZW/ref=sr_1_190?crid=2M096C61O4MLT&keywords=bags&qid=1658673194&smid=A2NO2EI687PB79&sprefix=ba%2Caps%2C283&sr=8-190
186,"Dell Pro Slim Backpack 15 - PO1520PS - Fits Most laptops up to 38.1 cm (15 inches, Black)","1,950",4.3,273,https://www.amazon.com/Dell-Pro-Slim-Backpack-15/dp/B07PMQTB6T/ref=sr_1_191?crid=2M096C61O4MLT&keywords=bags&qid=1658673194&sprefix=ba%2Caps%2C283&sr=8-191
187,Casual Unisex Backpack with USB Charging Port 15.6 Inch Laptop Bagpack Blue/Grey Waterproof Bag for School College Office Suitable for Men Women,679,Null,Null,https://www.amazon.com/Backpack-Charging-Bagpack-Waterproof-Suitable/dp/B0B6RX4QFQ/ref=sr_1_192?crid=2M096C61O4MLT&keywords=bags&qid=1658673194&sprefix=ba%2Caps%2C283&sr=8-192
188,Lavie Women's Broxa Flap Over Sling Bag | Ladies Purse Handbag | Crossbody Sling Strap,918,4.2,"4,558",https://www.amazon.com/gp/bestsellers/shoes/1983351031/ref=sr_bs_16_1983351031_1
189,"POLESTAR Ranker 32 L College/ School/ Office/ Casual/ Travel Backpack with 15.6"" laptop compartment and rain cover, made with polyester, 1 year warranty",687,4.1,"6,729",https://www.amazon.com/POLESTAR-Ranker-Casual-Bagpack-Backpack/dp/B08421FNT3/ref=sr_1_194?crid=2M096C61O4MLT&keywords=bags&qid=1658673194&smid=A3HBYWQBT33AGW&sprefix=ba%2Caps%2C283&sr=8-194
190,"Storm Formal 17"" Laptop Backpack with USB Charging and Dust/Water Resistant bottom","1,099",3.6,27,https://www.amazon.com/Formal-Laptop-Backpack-Charging-Resistant/dp/B086X2885R/ref=sr_1_195?crid=2M096C61O4MLT&keywords=bags&qid=1658673194&sprefix=ba%2Caps%2C283&sr=8-195
191,Lenovo Casual Laptop Briefcase T210 (Toploader) 39.62 cm (15.6-inch) Water Repellent Black,799,4.2,"43,222",https://www.amazon.com/Lenovo-Carrying-15-6-Inch-Toploader-GX40Q17229/dp/B075Y6Y9H5/ref=sr_1_196?crid=2M096C61O4MLT&keywords=bags&qid=1658673194&smid=A14CZOWI0VEHLG&sprefix=ba%2Caps%2C283&sr=8-196
192,NEEDLE CRAFT 30 Liter Waterproof Laptop Backpack/Office Bag/School Bag/College Bag/Business Bag for Unisex (Black),619,3.9,115,https://www.amazon.com/NEEDLE-CRAFT-Waterproof-Backpack-Business/dp/B08YZBRDF5/ref=sr_1_195?crid=2M096C61O4MLT&keywords=bags&qid=1658673195&sprefix=ba%2Caps%2C283&sr=8-195
193,SBSB Kids Nursary School Bag Soft PlushVelvet Backpacks Cartoon Baby Boy/Girl (2-5 Years) PADAY_BAG_9,178,3.4,162,https://www.amazon.com/Nursary-PlushVelvet-Backpacks-Cartoon-PADAY_BAG_9/dp/B0926623N8/ref=sr_1_196?crid=2M096C61O4MLT&keywords=bags&qid=1658673195&sprefix=ba%2Caps%2C283&sr=8-196
194,"Genie Dottie Casual Backpacks for Women, 18 Ltrs, Water Resistant and Lightweight, Navy Blue, M",749,4.4,47,https://www.amazon.com/Dottie-Casual-Backpacks-Resistant-Lightweight/dp/B097JJPQ2K/ref=sr_1_197?crid=2M096C61O4MLT&keywords=bags&qid=1658673195&smid=AXOGFIT0PZZ7G&sprefix=ba%2Caps%2C283&sr=8-197
195,"Storite PU Leather Expandable Laptop Bag fits Up to 14 inch Laptop Messenger Organizer Bag/Shoulder Sling Office Bag for Men & Women – (40cm x 29cm x 6 cm, Black/Brown)",895,3.9,870,https://www.amazon.com/Storite-Leather-Laptop-Shoulder-Messenger/dp/B08BP4B949/ref=sr_1_198?crid=2M096C61O4MLT&keywords=bags&qid=1658673195&sprefix=ba%2Caps%2C283&sr=8-198
196,Dein Kleider Nylon Sling Cross Body Travel Office Business Messenger one Side Shoulder Bag for Men and Women (Black),335,3.6,"2,453",https://www.amazon.com/Kleider-Travel-Business-Messenger-Shoulder/dp/B08DFPNTZF/ref=sr_1_199?crid=2M096C61O4MLT&keywords=bags&qid=1658673195&smid=A2B3JTOLC77ES8&sprefix=ba%2Caps%2C283&sr=8-199
197,"pedix Nylon Backpack Rain & Dust Cover Waterproof with Cary Pouch Adjustable for Hiking Camping Traveling 30L to 60L Laptop Bags, School Bag Cover, Luggage Bag Cover, Black-1",218,5.0,2,https://www.amazon.com/Backpack-Waterproof-Adjustable-Camping-Traveling/dp/B0B6P62RK3/ref=sr_1_200?crid=2M096C61O4MLT&keywords=bags&qid=1658673195&sprefix=ba%2Caps%2C283&sr=8-200
198,ZIPLINE Unisex Casual Polyester 36 L Backpack School Bag Women Men Boys Girls Children Daypack College Bag Book School Sports Bag,726,3.8,409,https://www.amazon.com/Zipline-Nexa-Resistant-Bagpack-Backpack/dp/B08WQ668WJ/ref=sr_1_201?crid=2M096C61O4MLT&keywords=bags&qid=1658673195&smid=AE2F1YGE1DB7K&sprefix=ba%2Caps%2C283&sr=8-201
199,ShopyVid ® Women's PU Leather Stylish and Trending Backpack for College Office Travel Purse (Black),357,3.7,"1,640",https://www.amazon.com/gp/bestsellers/shoes/1983347031/ref=sr_bs_9_1983347031_1
200,"Harissons Bags Delta 39 L Polyester Navy Blue 15.6"" inch Laptop Backpack | Office, Travel and Casual Laptop Bag","1,926",4.3,"1,218",https://www.amazon.com/Harissons-Backpack-Abrassion-Integrated-backstaps/dp/B07P6CNKHV/ref=sr_1_205?crid=2M096C61O4MLT&keywords=bags&qid=1658673195&smid=A1NLOOOLLPERAA&sprefix=ba%2Caps%2C283&sr=8-205
201,"Genie Miami Laptop Casual Backpacks for Women, 16 inches, Stylish and Trendy College backpacks for girls, Water Resistant and Lightweight Mini Bags . Latest Collection (Rose)",715,4.3,779,https://www.amazon.com/Genie-Miami-litres-Casual-Backpack/dp/B07SRGGGNC/ref=sr_1_206?crid=2M096C61O4MLT&keywords=bags&qid=1658673195&smid=AXOGFIT0PZZ7G&sprefix=ba%2Caps%2C283&sr=8-206
202,Pramadda Pure Luxury Mini Faux Leather Mobile Sling Bag For Women | Stylish Side Shoulder Crossbody Bags For Girls Daily Use | Messenger Purse With Waist Bag 2 in 1 | Latest Trendy Handbags.,465,4.6,446,https://www.amazon.com/Pramadda-Pure-Luxury-Crossbody-Messenger/dp/B09RKKGQVR/ref=sr_1_207?crid=2M096C61O4MLT&keywords=bags&qid=1658673195&smid=A3NMIEVYR1VO0Z&sprefix=ba%2Caps%2C283&sr=8-207
203,Moritz Envelope Flap Over Sling Bag,675,4.4,5,https://www.amazon.com/Lavie-Moritz-Womens-Sling-Pink/dp/B07TFRJTVG/ref=sr_1_208?crid=2M096C61O4MLT&keywords=bags&qid=1658673195&smid=A1WYWER0W24N8S&sprefix=ba%2Caps%2C283&sr=8-208
204,Casual Unisex Backpack with USB Charging Port 15.6 Inch Laptop Bagpack Blue/Grey Waterproof Bag for School College Office Suitable for Men Women,699,Null,Null,https://www.amazon.com/Backpack-Charging-Bagpack-Waterproof-Suitable/dp/B0B6QB8PS1/ref=sr_1_209?crid=2M096C61O4MLT&keywords=bags&qid=1658673195&sprefix=ba%2Caps%2C283&sr=8-209
205,Storite Women's Lightweight Foldable Rexine Travel Handbag Storage Carrying Bag (50 x 20x 38 cm) Off White,469,4.0,848,https://www.amazon.com/Storite-Lightweight-Travel-Bag-20x15-5x8-5/dp/B07GB9PKXB/ref=sr_1_210?crid=2M096C61O4MLT&keywords=bags&qid=1658673195&smid=A3FPNGXJ2Z95CC&sprefix=ba%2Caps%2C283&sr=8-210
206,Tommy Hilfiger Glacier Plus Polyester Laptop Backpack Cum Gym Bag Navy (8903496164466),"2,799",5.0,1,https://www.amazon.com/Tommy-Hilfiger-Polyester-Backpack-8903496164466/dp/B09LML578R/ref=sr_1_211?crid=2M096C61O4MLT&keywords=bags&qid=1658673195&sprefix=ba%2Caps%2C283&sr=8-211
207,"Storite Stylish Padded Small Nylon Sling Cross Body Travel Office Bag for Men Women (22.5cm x 9.5cm x 22.5 cm, Dark Grey)",599,3.9,619,https://www.amazon.com/Storite-Stylish-Sling-Bag-Grey/dp/B098L372Z7/ref=sr_1_212?crid=2M096C61O4MLT&keywords=bags&qid=1658673195&smid=A3FPNGXJ2Z95CC&sprefix=ba%2Caps%2C283&sr=8-212
